email,first_name,last_name,phone_number,zip_code,city,state,address\tpinalevitsky@jumpstartlab.com,sarah,hankins,4145205000,20009,washington,dc,2022 15th street nw
lqrm4462@jumpstartlab.com,sarah,xx,9419792000,33703,saint petersburg,fl,4175 3rd street north
tmai.202@jumpstartlab.com,sarah,cordova,4109639000,21044,columbia,md,5430 hesperus drive
wwoodruf@jumpstartlab.com,sarah,irvine,7704249000,30127,powder springs,ga,6184 windflower drive
gi@jumpstartlab.com,sarah,hough,2036506000,06614,stratford,ct,42c powder mill drive
ovdawaaa@jumpstartlab.com,sarah,geretz,8572311000,01002,amherst,ma,72 triangle st. appt. 2
nqiza@jumpstartlab.com,sarah,sample,5107086000,94619,oakland,ca,270 rishell drive
xnb77@jumpstartlab.com,sarah,gerow,8137359000,33559,lutz,fl,2501 black horse loop apt 301c
cetephenson@jumpstartlab.com,sarah,eden,8136798000,33559,lutz,fl,2501 black horse loop apt 301c
ctuhspugha@jumpstartlab.com,sarah,riordan,7202058000,80212,denver,co,2814 tennyson st.
cxcahdprice@jumpstartlab.com,sarah,gordon,4197373000,43554,pioneer,oh,18476 county road 15
gylaki@jumpstartlab.com,sarah,johnston,4157863000,94104,san francisco,ca,221 pine st
blhhhhhhhh@jumpstartlab.com,sarah,oddie,4157863000,94101,san francisco,ca,221 pine st
tlacyjamesrossi3@jumpstartlab.com,sarah,catlin,5029386000,40206,louisville,ky,114 n galt ave
dhchleith@jumpstartlab.com,sarah,clatterbuck,8025401000,05401,burlington,vt,37 d conger ave
gkpaldin@jumpstartlab.com,sarah,dernoga,2316707000,49461,whitehall,mi,7473 easy street
bfkelly@jumpstartlab.com,sarah,ojeh,4104743000,20742,college park,md,8000 boteler lane appt 248a
jw9@jumpstartlab.com,sarah,sparrow,9084187000,13346,hamilton,ny,
pooneil@jumpstartlab.com,sarah,deutschmann,6032752000,03435,"keene, nh",nh,229 main st.
jhagamininj4@jumpstartlab.com,sarah,alilionis,2032783000,03431,keene,nh,21 coolidge street
ohhalaf@jumpstartlab.com,sarah,meyer,5612024000,32816,orlando,fl,4000 central florida blvd
dnary.franko@jumpstartlab.com,sarah,doe,9043348000,32828,orlando,fl,12846 lexington summit st
fsong_moua@jumpstartlab.com,sarah,beck,5624724000,92122,lakewood,ca,4174 manor dr.
kjlie.garrett@jumpstartlab.com,sarah,miner,6465849000,07430,mahwah,nj,505 ramapo valley rd
wrokaranm@jumpstartlab.com,sarah,krumholz,7244935000,16057,slippery rock,pa,241 maltby ave apt: a
jkvan7@jumpstartlab.com,sarah,ogle,8604500000,06226,willimantic,ct,31b bellevue st.
pxazierm3090@jumpstartlab.com,sarah,hagan,2064847000,02912,providence,ri,69 brown street
vo_tigner@jumpstartlab.com,sarah,doe,9084186000,23173,university of richmond,va,28 westhampton way
upeller@jumpstartlab.com,sarah,goblirsch,9564637000,78626,georgetown,tx,1001 e. university ave.
jfacicot@jumpstartlab.com,sarah,pickoff,9175664000,28778,swannanoa,nc,701 warren wilson road
vkrolyn@jumpstartlab.com,sarah,brunton,8028396000,05669,potsdam,ny,10 clarkson ave.
yqlaire@jumpstartlab.com,sarah,xx,6073512000,14850,b,ms,b
jllement@jumpstartlab.com,sarah,haber,5863223000,48208,x,mi,x
sschott@jumpstartlab.com,sarah,poffenbarger,4195289000,43015,delaware,oh,40 rowland ave.
ipssica.roberts@jumpstartlab.com,sarah,hairabedian,8102523000,48858,mount pleasant,mi,111 no road
fxily.tsitrian@jumpstartlab.com,sarah,uhl,8102523000,48858,mount pleasant,mi,111 no road
ecngy@jumpstartlab.com,sarah,rosenblad,5414080000,97702,bend,or,22415 calgary drive
xgura.yin@jumpstartlab.com,sarah,leonard,6312758000,05401,burlington,vt,32 south union st
uxragoag@jumpstartlab.com,sarah,sankey,2159839000,08544,princeton,nj,12345 frist center
wtslaug06@jumpstartlab.com,sarah,du,5613589000,14853,ithaca,ny,1g14h jameson hall
goddagjm@jumpstartlab.com,sarah,lichtenauer,3044122000,25705,huntington,wv,5037 west pea ridge rd
jsjenkin@jumpstartlab.com,sarah,roffe,8123454000,97219,portland,or,0615 sw palatine hill rd
rcverburg@jumpstartlab.com,sarah,null,9086982000,21210,baltimore,md,ms 2361 4501 n. charles st
qgrls1es@jumpstartlab.com,sarah,morgan,3015803000,00000,,,
hrf001@jumpstartlab.com,sarah,abreu,2673422000,18923,fountainville,pa,53 shoemaker drive
fuo@jumpstartlab.com,sarah,markus,8459887000,15213,pittsburgh,pa,302 n. craig st
nhmichae@jumpstartlab.com,sarah,gaber,9856308000,70820,baton rouge,la,1645 brightside ln. apt #217
jfshaw@jumpstartlab.com,sarah,bayer,3028587000,24501,lynchburg,va,1501 lakeside dr
cychelleighguillory@jumpstartlab.com,sarah,waldman,3016131000,21216,x,md,x
quarmas2@jumpstartlab.com,sarah,hall,8603958000,22030,fairfax,va,4400 university drive
il114706@jumpstartlab.com,sarah,schroder,8452249000,22025,montclair,va,15437 beachview drive
idavis2@jumpstartlab.com,sarah,shaikh,8655851000,37614,johnson city,tn,etsu box 16272
stwoods@jumpstartlab.com,sarah,wroblewski,5615041000,10583,scarsdale,ny,101 lakeview avenue
gvwacoordinator@jumpstartlab.com,sarah,elles,5712411000,24060,null,va,null
ebtiburcio@jumpstartlab.com,sarah,liebst,6104629000,02454,waltham,ma,415 south st
ofods@jumpstartlab.com,sarah,parulekar,5037525000,97230,portland,or,13939 beech ct
ldhnt@jumpstartlab.com,sarah,last name,2483101000,24595,sweet briar,va,sweet briar
bapooooooooooooohhhh@jumpstartlab.com,sarah,belcher,2023166000,05753,middlebury,vt,4576 middlebury college
kierl@jumpstartlab.com,sarah,budd,7183054000,04902,waterville,me,6052 mayflower hill
dvjaff07@jumpstartlab.com,sarah,williams,4436324000,21136,reisterstown,md,14021 woodlings lane
wqlee0808@jumpstartlab.com,sarah,brisbois,4436324000,21218,baltimore,md,3043 frisby st.
oe3887a@jumpstartlab.com,sarah,alderson,7194390000,59801,missoula,mt,2604 maurice ave.
sseldcf@jumpstartlab.com,sarah,renner-yeomans,8478044000,01610,worcester,ma,holy cross college 1 college street
alng30y@jumpstartlab.com,sarah,robinson,4123785000,15208,pittsburgh,pa,700 highland ave apt 114
pmleindi@jumpstartlab.com,sarah,beck,3045426000,25702,huntington,wv,2802 south staunton rd
emullensg@jumpstartlab.com,sarah,brown,9148442000,55105,st. paul,mn,1600 grand ave
tmlion@jumpstartlab.com,sarah,gladwin,7034386000,20190,reston,va,11100 wildlife center dr
kgete20c@jumpstartlab.com,sarah,carter,7348877000,20190,reston,va,11100 wildlife center dr
ivath90b@jumpstartlab.com,sarah,larson,9522501000,17325,gettysburg,pa,box 0546 gettysburg college
lprissa.s.knodel@jumpstartlab.com,sarah,ruud,6067480000,40508,lexington,ky,300 n. broadway
sdtie.knee@jumpstartlab.com,sarah,guethle,5186979000,01610,worcester,ma,950 main st. box 1635
dqessearp@jumpstartlab.com,sarah,wilburn,6129785000,55413,minneapolis,mn,1703 lincoln st
ot1898a@jumpstartlab.com,sarah,b,2074854000,04353,whitefield,me,121 rooney lane
hqiley@jumpstartlab.com,sarah,hendler,2318785000,49601,cadillac,mi,11395 e. 46 rd.
pvssino_a@jumpstartlab.com,sarah,waickman,6153306000,42101,bowling green,ky,1538 chestnut street
ofairbushmancolby@jumpstartlab.com,sarah,herring,6463399000,12180,troy,ny,"nason 205, 1999 burdett ave."
bsore@jumpstartlab.com,sarah,gosse,3042795000,20912,takoma park,md,7600 flower ave.
yu319306@jumpstartlab.com,sarah,arnold,4436049000,44074,oberlin,oh,ocmr 1984
